Name,Pages count,Authors,Country
Test book 2,100,books.Author.None,Ukraine
Test Book 1,10,books.Author.None,Ukraine
Test Book,,books.Author.None,
Barbara Sanchez,710,books.Author.None,
Susan Reynolds,967,books.Author.None,
Stanley Cortez,544,books.Author.None,
Kayla West,607,books.Author.None,
Sarah Thompson,499,books.Author.None,
Jasmine Nunez,834,books.Author.None,
Jeffery Castillo,625,books.Author.None,
Scott Jones,586,books.Author.None,
Robert Callahan,473,books.Author.None,
Benjamin Hill,734,books.Author.None,
Jimmy Bush,591,books.Author.None,
Brandon Estrada,136,books.Author.None,
Carolyn Armstrong,472,books.Author.None,
Lawrence King,972,books.Author.None,
William Bishop,237,books.Author.None,
Melissa Hernandez,543,books.Author.None,
Justin Wang,426,books.Author.None,
Antonio Brown,255,books.Author.None,
Tyler Lee,445,books.Author.None,
Wayne Harris,608,books.Author.None,
Jonathan Wilcox,5,books.Author.None,
Jerry Adams,510,books.Author.None,
Mr. Michael Vasquez,899,books.Author.None,
Martha Scott,53,books.Author.None,
Katie Jones,216,books.Author.None,
Alison Johnson,775,books.Author.None,
Janice Elliott,316,books.Author.None,
Nicole Torres,521,books.Author.None,
Hector French,561,books.Author.None,
Frederick Rodriguez,2,books.Author.None,
Kelly Harris,244,books.Author.None,
Richard Montgomery,193,books.Author.None,
Jeremy Williams,498,books.Author.None,
Amy Campbell,30,books.Author.None,
Edward Schaefer,53,books.Author.None,
Calvin Griffin,374,books.Author.None,
Jason Smith,593,books.Author.None,
Ashley Nguyen,218,books.Author.None,
Tammy Sanders,585,books.Author.None,
James Sullivan,664,books.Author.None,
Jeffrey Beasley,241,books.Author.None,
Nancy Lowe,853,books.Author.None,
Jessica Mathews,223,books.Author.None,
Raymond Weiss,719,books.Author.None,
Daryl Reed,233,books.Author.None,
Heather Serrano,964,books.Author.None,
Stephen Lara,452,books.Author.None,
Kristine Rodriguez,607,books.Author.None,
Charles Patton,757,books.Author.None,
Tyler Rush,141,books.Author.None,
David Jones,130,books.Author.None,
Donald Snow,687,books.Author.None,
Natalie Morgan,535,books.Author.None,
David Hodges,492,books.Author.None,
Abigail Mccoy,480,books.Author.None,
Jessica Gonzales,773,books.Author.None,
Tyler Mclean,488,books.Author.None,
Brenda Harrell,177,books.Author.None,
Shannon Simmons,82,books.Author.None,
Matthew Boyd,547,books.Author.None,
Jacob Nichols,288,books.Author.None,
Justin Williams,29,books.Author.None,
Curtis Vazquez,874,books.Author.None,
Traci Davies,693,books.Author.None,
Cheyenne Sutton,776,books.Author.None,
Denise Vazquez,215,books.Author.None,
Melissa Velazquez,885,books.Author.None,
Andrea Newman,420,books.Author.None,
Tonya Guzman,709,books.Author.None,
Elizabeth Sherman,245,books.Author.None,
Monica Thomas,364,books.Author.None,
Lawrence Gilbert PhD,68,books.Author.None,
Antonio Davidson,284,books.Author.None,
Marc Alvarez,17,books.Author.None,
Jessica Flores,266,books.Author.None,
Terri Mahoney,515,books.Author.None,
Matthew French,95,books.Author.None,
Ryan Wong,227,books.Author.None,
James Carney,958,books.Author.None,
Donna Valdez,851,books.Author.None,
Danielle Blankenship,655,books.Author.None,
Tracy Williams DDS,645,books.Author.None,
Jessica Burns,109,books.Author.None,
James Gomez,973,books.Author.None,
Alexandra Davis,452,books.Author.None,
Isabella Arnold,720,books.Author.None,
Kari Newton,481,books.Author.None,
Jason Savage,452,books.Author.None,
Kathleen Terry,294,books.Author.None,
Laura Lyons,133,books.Author.None,
Angel Martinez,947,books.Author.None,
Christopher Hardy,20,books.Author.None,
Jessica Tapia,523,books.Author.None,
Brian Mitchell,709,books.Author.None,
Marilyn Hernandez,150,books.Author.None,
Wendy Vega,16,books.Author.None,
Brendan Roberson,124,books.Author.None,
